<?xml version="1.0" encoding="UTF-8"?>
<root>
  <item name="android.support.design.circularreveal.CircularRevealHelper STRATEGY">
    <annotation name="android.support.annotation.IntDef">
      <val name="value" val="{android.support.design.circularreveal.CircularRevealHelper.CLIP_PATH, android.support.design.circularreveal.CircularRevealHelper.BITMAP_SHADER, android.support.design.circularreveal.CircularRevealHelper.REVEAL_ANIMATOR}" />
    </annotation>
  </item>
  <item name="android.support.design.circularreveal.CircularRevealHelper.Strategy">
    <annotation name="android.support.annotation.IntDef">
      <val name="value" val="{android.support.design.circularreveal.CircularRevealHelper.CLIP_PATH, android.support.design.circularreveal.CircularRevealHelper.BITMAP_SHADER, android.support.design.circularreveal.CircularRevealHelper.REVEAL_ANIMATOR}" />
    </annotation>
  </item>
</root>

