<?xml version="1.0" encoding="UTF-8"?>
<root>
  <item name="android.support.design.widget.AppBarLayout.LayoutParams int getScrollFlags()">
    <annotation name="android.support.annotation.IntDef">
      <val name="flag" val="true" />
      <val name="value" val="{android.support.design.widget.AppBarLayout.LayoutParams.SCROLL_FLAG_SCROLL, android.support.design.widget.AppBarLayout.LayoutParams.SCROLL_FLAG_EXIT_UNTIL_COLLAPSED, android.support.design.widget.AppBarLayout.LayoutParams.SCROLL_FLAG_ENTER_ALWAYS, android.support.design.widget.AppBarLayout.LayoutParams.SCROLL_FLAG_ENTER_ALWAYS_COLLAPSED, android.support.design.widget.AppBarLayout.LayoutParams.SCROLL_FLAG_SNAP}" />
    </annotation>
  </item>
  <item name="android.support.design.widget.AppBarLayout.LayoutParams void setScrollFlags(int) 0">
    <annotation name="android.support.annotation.IntDef">
      <val name="flag" val="true" />
      <val name="value" val="{android.support.design.widget.AppBarLayout.LayoutParams.SCROLL_FLAG_SCROLL, android.support.design.widget.AppBarLayout.LayoutParams.SCROLL_FLAG_EXIT_UNTIL_COLLAPSED, android.support.design.widget.AppBarLayout.LayoutParams.SCROLL_FLAG_ENTER_ALWAYS, android.support.design.widget.AppBarLayout.LayoutParams.SCROLL_FLAG_ENTER_ALWAYS_COLLAPSED, android.support.design.widget.AppBarLayout.LayoutParams.SCROLL_FLAG_SNAP}" />
    </annotation>
  </item>
  <item name="android.support.design.widget.AppBarLayout.LayoutParams.ScrollFlags">
    <annotation name="android.support.annotation.IntDef">
      <val name="flag" val="true" />
      <val name="value" val="{android.support.design.widget.AppBarLayout.LayoutParams.SCROLL_FLAG_SCROLL, android.support.design.widget.AppBarLayout.LayoutParams.SCROLL_FLAG_EXIT_UNTIL_COLLAPSED, android.support.design.widget.AppBarLayout.LayoutParams.SCROLL_FLAG_ENTER_ALWAYS, android.support.design.widget.AppBarLayout.LayoutParams.SCROLL_FLAG_ENTER_ALWAYS_COLLAPSED, android.support.design.widget.AppBarLayout.LayoutParams.SCROLL_FLAG_SNAP}" />
    </annotation>
  </item>
  <item name="android.support.design.widget.BaseTransientBottomBar B setDuration(int) 0">
    <annotation name="android.support.annotation.IntDef">
      <val name="value" val="{android.support.design.widget.BaseTransientBottomBar.LENGTH_INDEFINITE, android.support.design.widget.BaseTransientBottomBar.LENGTH_SHORT, android.support.design.widget.BaseTransientBottomBar.LENGTH_LONG}" />
    </annotation>
    <annotation name="android.support.annotation.IntRange">
      <val name="from" val="1" />
    </annotation>
  </item>
  <item name="android.support.design.widget.BaseTransientBottomBar int getDuration()">
    <annotation name="android.support.annotation.IntDef">
      <val name="value" val="{android.support.design.widget.BaseTransientBottomBar.LENGTH_INDEFINITE, android.support.design.widget.BaseTransientBottomBar.LENGTH_SHORT, android.support.design.widget.BaseTransientBottomBar.LENGTH_LONG}" />
    </annotation>
    <annotation name="android.support.annotation.IntRange">
      <val name="from" val="1" />
    </annotation>
  </item>
  <item name="android.support.design.widget.BaseTransientBottomBar void dispatchDismiss(int) 0">
    <annotation name="android.support.annotation.IntDef">
      <val name="value" val="{android.support.design.widget.BaseTransientBottomBar.BaseCallback.DISMISS_EVENT_SWIPE, android.support.design.widget.BaseTransientBottomBar.BaseCallback.DISMISS_EVENT_ACTION, android.support.design.widget.BaseTransientBottomBar.BaseCallback.DISMISS_EVENT_TIMEOUT, android.support.design.widget.BaseTransientBottomBar.BaseCallback.DISMISS_EVENT_MANUAL, android.support.design.widget.BaseTransientBottomBar.BaseCallback.DISMISS_EVENT_CONSECUTIVE}" />
    </annotation>
  </item>
  <item name="android.support.design.widget.BaseTransientBottomBar void hideView(int) 0">
    <annotation name="android.support.annotation.IntDef">
      <val name="value" val="{android.support.design.widget.BaseTransientBottomBar.BaseCallback.DISMISS_EVENT_SWIPE, android.support.design.widget.BaseTransientBottomBar.BaseCallback.DISMISS_EVENT_ACTION, android.support.design.widget.BaseTransientBottomBar.BaseCallback.DISMISS_EVENT_TIMEOUT, android.support.design.widget.BaseTransientBottomBar.BaseCallback.DISMISS_EVENT_MANUAL, android.support.design.widget.BaseTransientBottomBar.BaseCallback.DISMISS_EVENT_CONSECUTIVE}" />
    </annotation>
  </item>
  <item name="android.support.design.widget.BaseTransientBottomBar.BaseCallback void onDismissed(B, int) 1">
    <annotation name="android.support.annotation.IntDef">
      <val name="value" val="{android.support.design.widget.BaseTransientBottomBar.BaseCallback.DISMISS_EVENT_SWIPE, android.support.design.widget.BaseTransientBottomBar.BaseCallback.DISMISS_EVENT_ACTION, android.support.design.widget.BaseTransientBottomBar.BaseCallback.DISMISS_EVENT_TIMEOUT, android.support.design.widget.BaseTransientBottomBar.BaseCallback.DISMISS_EVENT_MANUAL, android.support.design.widget.BaseTransientBottomBar.BaseCallback.DISMISS_EVENT_CONSECUTIVE}" />
    </annotation>
  </item>
  <item name="android.support.design.widget.BaseTransientBottomBar.BaseCallback.DismissEvent">
    <annotation name="android.support.annotation.IntDef">
      <val name="value" val="{android.support.design.widget.BaseTransientBottomBar.BaseCallback.DISMISS_EVENT_SWIPE, android.support.design.widget.BaseTransientBottomBar.BaseCallback.DISMISS_EVENT_ACTION, android.support.design.widget.BaseTransientBottomBar.BaseCallback.DISMISS_EVENT_TIMEOUT, android.support.design.widget.BaseTransientBottomBar.BaseCallback.DISMISS_EVENT_MANUAL, android.support.design.widget.BaseTransientBottomBar.BaseCallback.DISMISS_EVENT_CONSECUTIVE}" />
    </annotation>
  </item>
  <item name="android.support.design.widget.BaseTransientBottomBar.Duration">
    <annotation name="android.support.annotation.IntDef">
      <val name="value" val="{android.support.design.widget.BaseTransientBottomBar.LENGTH_INDEFINITE, android.support.design.widget.BaseTransientBottomBar.LENGTH_SHORT, android.support.design.widget.BaseTransientBottomBar.LENGTH_LONG}" />
    </annotation>
  </item>
  <item name="android.support.design.widget.BottomSheetBehavior int getState()">
    <annotation name="android.support.annotation.IntDef">
      <val name="value" val="{android.support.design.widget.BottomSheetBehavior.STATE_EXPANDED, android.support.design.widget.BottomSheetBehavior.STATE_COLLAPSED, android.support.design.widget.BottomSheetBehavior.STATE_DRAGGING, android.support.design.widget.BottomSheetBehavior.STATE_SETTLING, android.support.design.widget.BottomSheetBehavior.STATE_HIDDEN, android.support.design.widget.BottomSheetBehavior.STATE_HALF_EXPANDED}" />
    </annotation>
  </item>
  <item name="android.support.design.widget.BottomSheetBehavior state">
    <annotation name="android.support.annotation.IntDef">
      <val name="value" val="{android.support.design.widget.BottomSheetBehavior.STATE_EXPANDED, android.support.design.widget.BottomSheetBehavior.STATE_COLLAPSED, android.support.design.widget.BottomSheetBehavior.STATE_DRAGGING, android.support.design.widget.BottomSheetBehavior.STATE_SETTLING, android.support.design.widget.BottomSheetBehavior.STATE_HIDDEN, android.support.design.widget.BottomSheetBehavior.STATE_HALF_EXPANDED}" />
    </annotation>
  </item>
  <item name="android.support.design.widget.BottomSheetBehavior void setState(int) 0">
    <annotation name="android.support.annotation.IntDef">
      <val name="value" val="{android.support.design.widget.BottomSheetBehavior.STATE_EXPANDED, android.support.design.widget.BottomSheetBehavior.STATE_COLLAPSED, android.support.design.widget.BottomSheetBehavior.STATE_DRAGGING, android.support.design.widget.BottomSheetBehavior.STATE_SETTLING, android.support.design.widget.BottomSheetBehavior.STATE_HIDDEN, android.support.design.widget.BottomSheetBehavior.STATE_HALF_EXPANDED}" />
    </annotation>
  </item>
  <item name="android.support.design.widget.BottomSheetBehavior void setStateInternal(int) 0">
    <annotation name="android.support.annotation.IntDef">
      <val name="value" val="{android.support.design.widget.BottomSheetBehavior.STATE_EXPANDED, android.support.design.widget.BottomSheetBehavior.STATE_COLLAPSED, android.support.design.widget.BottomSheetBehavior.STATE_DRAGGING, android.support.design.widget.BottomSheetBehavior.STATE_SETTLING, android.support.design.widget.BottomSheetBehavior.STATE_HIDDEN, android.support.design.widget.BottomSheetBehavior.STATE_HALF_EXPANDED}" />
    </annotation>
  </item>
  <item name="android.support.design.widget.BottomSheetBehavior.BottomSheetCallback void onStateChanged(android.view.View, int) 1">
    <annotation name="android.support.annotation.IntDef">
      <val name="value" val="{android.support.design.widget.BottomSheetBehavior.STATE_EXPANDED, android.support.design.widget.BottomSheetBehavior.STATE_COLLAPSED, android.support.design.widget.BottomSheetBehavior.STATE_DRAGGING, android.support.design.widget.BottomSheetBehavior.STATE_SETTLING, android.support.design.widget.BottomSheetBehavior.STATE_HIDDEN, android.support.design.widget.BottomSheetBehavior.STATE_HALF_EXPANDED}" />
    </annotation>
  </item>
  <item name="android.support.design.widget.BottomSheetBehavior.SavedState SavedState(android.os.Parcelable, int) 1">
    <annotation name="android.support.annotation.IntDef">
      <val name="value" val="{android.support.design.widget.BottomSheetBehavior.STATE_EXPANDED, android.support.design.widget.BottomSheetBehavior.STATE_COLLAPSED, android.support.design.widget.BottomSheetBehavior.STATE_DRAGGING, android.support.design.widget.BottomSheetBehavior.STATE_SETTLING, android.support.design.widget.BottomSheetBehavior.STATE_HIDDEN, android.support.design.widget.BottomSheetBehavior.STATE_HALF_EXPANDED}" />
    </annotation>
  </item>
  <item name="android.support.design.widget.BottomSheetBehavior.SavedState state">
    <annotation name="android.support.annotation.IntDef">
      <val name="value" val="{android.support.design.widget.BottomSheetBehavior.STATE_EXPANDED, android.support.design.widget.BottomSheetBehavior.STATE_COLLAPSED, android.support.design.widget.BottomSheetBehavior.STATE_DRAGGING, android.support.design.widget.BottomSheetBehavior.STATE_SETTLING, android.support.design.widget.BottomSheetBehavior.STATE_HIDDEN, android.support.design.widget.BottomSheetBehavior.STATE_HALF_EXPANDED}" />
    </annotation>
  </item>
  <item name="android.support.design.widget.BottomSheetBehavior.SettleRunnable SettleRunnable(android.view.View, int) 1">
    <annotation name="android.support.annotation.IntDef">
      <val name="value" val="{android.support.design.widget.BottomSheetBehavior.STATE_EXPANDED, android.support.design.widget.BottomSheetBehavior.STATE_COLLAPSED, android.support.design.widget.BottomSheetBehavior.STATE_DRAGGING, android.support.design.widget.BottomSheetBehavior.STATE_SETTLING, android.support.design.widget.BottomSheetBehavior.STATE_HIDDEN, android.support.design.widget.BottomSheetBehavior.STATE_HALF_EXPANDED}" />
    </annotation>
  </item>
  <item name="android.support.design.widget.BottomSheetBehavior.SettleRunnable targetState">
    <annotation name="android.support.annotation.IntDef">
      <val name="value" val="{android.support.design.widget.BottomSheetBehavior.STATE_EXPANDED, android.support.design.widget.BottomSheetBehavior.STATE_COLLAPSED, android.support.design.widget.BottomSheetBehavior.STATE_DRAGGING, android.support.design.widget.BottomSheetBehavior.STATE_SETTLING, android.support.design.widget.BottomSheetBehavior.STATE_HIDDEN, android.support.design.widget.BottomSheetBehavior.STATE_HALF_EXPANDED}" />
    </annotation>
  </item>
  <item name="android.support.design.widget.BottomSheetBehavior.State">
    <annotation name="android.support.annotation.IntDef">
      <val name="value" val="{android.support.design.widget.BottomSheetBehavior.STATE_EXPANDED, android.support.design.widget.BottomSheetBehavior.STATE_COLLAPSED, android.support.design.widget.BottomSheetBehavior.STATE_DRAGGING, android.support.design.widget.BottomSheetBehavior.STATE_SETTLING, android.support.design.widget.BottomSheetBehavior.STATE_HIDDEN, android.support.design.widget.BottomSheetBehavior.STATE_HALF_EXPANDED}" />
    </annotation>
  </item>
  <item name="android.support.design.widget.CollapsingToolbarLayout.LayoutParams int getCollapseMode()">
    <annotation name="android.support.annotation.IntDef">
      <val name="value" val="{android.support.design.widget.CollapsingToolbarLayout.LayoutParams.COLLAPSE_MODE_OFF, android.support.design.widget.CollapsingToolbarLayout.LayoutParams.COLLAPSE_MODE_PIN, android.support.design.widget.CollapsingToolbarLayout.LayoutParams.COLLAPSE_MODE_PARALLAX}" />
    </annotation>
  </item>
  <item name="android.support.design.widget.CollapsingToolbarLayout.LayoutParams void setCollapseMode(int) 0">
    <annotation name="android.support.annotation.IntDef">
      <val name="value" val="{android.support.design.widget.CollapsingToolbarLayout.LayoutParams.COLLAPSE_MODE_OFF, android.support.design.widget.CollapsingToolbarLayout.LayoutParams.COLLAPSE_MODE_PIN, android.support.design.widget.CollapsingToolbarLayout.LayoutParams.COLLAPSE_MODE_PARALLAX}" />
    </annotation>
  </item>
  <item name="android.support.design.widget.FloatingActionButton int getSize()">
    <annotation name="android.support.annotation.IntDef">
      <val name="value" val="{android.support.design.widget.FloatingActionButton.SIZE_MINI, android.support.design.widget.FloatingActionButton.SIZE_NORMAL, android.support.design.widget.FloatingActionButton.SIZE_AUTO}" />
    </annotation>
  </item>
  <item name="android.support.design.widget.FloatingActionButton int getSizeDimension(int) 0">
    <annotation name="android.support.annotation.IntDef">
      <val name="value" val="{android.support.design.widget.FloatingActionButton.SIZE_MINI, android.support.design.widget.FloatingActionButton.SIZE_NORMAL, android.support.design.widget.FloatingActionButton.SIZE_AUTO}" />
    </annotation>
  </item>
  <item name="android.support.design.widget.FloatingActionButton void setSize(int) 0">
    <annotation name="android.support.annotation.IntDef">
      <val name="value" val="{android.support.design.widget.FloatingActionButton.SIZE_MINI, android.support.design.widget.FloatingActionButton.SIZE_NORMAL, android.support.design.widget.FloatingActionButton.SIZE_AUTO}" />
    </annotation>
  </item>
  <item name="android.support.design.widget.FloatingActionButton.Size">
    <annotation name="android.support.annotation.IntDef">
      <val name="value" val="{android.support.design.widget.FloatingActionButton.SIZE_MINI, android.support.design.widget.FloatingActionButton.SIZE_NORMAL, android.support.design.widget.FloatingActionButton.SIZE_AUTO}" />
    </annotation>
  </item>
  <item name="android.support.design.widget.IndicatorViewController android.widget.TextView getCaptionViewFromDisplayState(int) 0">
    <annotation name="android.support.annotation.IntDef">
      <val name="value" val="{android.support.design.widget.IndicatorViewController.CAPTION_STATE_NONE, android.support.design.widget.IndicatorViewController.CAPTION_STATE_ERROR, android.support.design.widget.IndicatorViewController.CAPTION_STATE_HELPER_TEXT}" />
    </annotation>
  </item>
  <item name="android.support.design.widget.IndicatorViewController boolean isCaptionStateError(int) 0">
    <annotation name="android.support.annotation.IntDef">
      <val name="value" val="{android.support.design.widget.IndicatorViewController.CAPTION_STATE_NONE, android.support.design.widget.IndicatorViewController.CAPTION_STATE_ERROR, android.support.design.widget.IndicatorViewController.CAPTION_STATE_HELPER_TEXT}" />
    </annotation>
  </item>
  <item name="android.support.design.widget.IndicatorViewController boolean isCaptionStateHelperText(int) 0">
    <annotation name="android.support.annotation.IntDef">
      <val name="value" val="{android.support.design.widget.IndicatorViewController.CAPTION_STATE_NONE, android.support.design.widget.IndicatorViewController.CAPTION_STATE_ERROR, android.support.design.widget.IndicatorViewController.CAPTION_STATE_HELPER_TEXT}" />
    </annotation>
  </item>
  <item name="android.support.design.widget.IndicatorViewController boolean isCaptionView(int) 0">
    <annotation name="android.support.annotation.IntDef">
      <val name="value" val="{android.support.design.widget.IndicatorViewController.COUNTER_INDEX, android.support.design.widget.IndicatorViewController.ERROR_INDEX, android.support.design.widget.IndicatorViewController.HELPER_INDEX}" />
    </annotation>
  </item>
  <item name="android.support.design.widget.IndicatorViewController void addIndicator(android.widget.TextView, int) 1">
    <annotation name="android.support.annotation.IntDef">
      <val name="value" val="{android.support.design.widget.IndicatorViewController.COUNTER_INDEX, android.support.design.widget.IndicatorViewController.ERROR_INDEX, android.support.design.widget.IndicatorViewController.HELPER_INDEX}" />
    </annotation>
  </item>
  <item name="android.support.design.widget.IndicatorViewController void createCaptionAnimators(java.util.List&lt;android.animation.Animator&gt;, boolean, android.widget.TextView, int, int, int) 3">
    <annotation name="android.support.annotation.IntDef">
      <val name="value" val="{android.support.design.widget.IndicatorViewController.CAPTION_STATE_NONE, android.support.design.widget.IndicatorViewController.CAPTION_STATE_ERROR, android.support.design.widget.IndicatorViewController.CAPTION_STATE_HELPER_TEXT}" />
    </annotation>
  </item>
  <item name="android.support.design.widget.IndicatorViewController void createCaptionAnimators(java.util.List&lt;android.animation.Animator&gt;, boolean, android.widget.TextView, int, int, int) 4">
    <annotation name="android.support.annotation.IntDef">
      <val name="value" val="{android.support.design.widget.IndicatorViewController.CAPTION_STATE_NONE, android.support.design.widget.IndicatorViewController.CAPTION_STATE_ERROR, android.support.design.widget.IndicatorViewController.CAPTION_STATE_HELPER_TEXT}" />
    </annotation>
  </item>
  <item name="android.support.design.widget.IndicatorViewController void createCaptionAnimators(java.util.List&lt;android.animation.Animator&gt;, boolean, android.widget.TextView, int, int, int) 5">
    <annotation name="android.support.annotation.IntDef">
      <val name="value" val="{android.support.design.widget.IndicatorViewController.CAPTION_STATE_NONE, android.support.design.widget.IndicatorViewController.CAPTION_STATE_ERROR, android.support.design.widget.IndicatorViewController.CAPTION_STATE_HELPER_TEXT}" />
    </annotation>
  </item>
  <item name="android.support.design.widget.IndicatorViewController void removeIndicator(android.widget.TextView, int) 1">
    <annotation name="android.support.annotation.IntDef">
      <val name="value" val="{android.support.design.widget.IndicatorViewController.COUNTER_INDEX, android.support.design.widget.IndicatorViewController.ERROR_INDEX, android.support.design.widget.IndicatorViewController.HELPER_INDEX}" />
    </annotation>
  </item>
  <item name="android.support.design.widget.IndicatorViewController void setCaptionViewVisibilities(int, int) 0">
    <annotation name="android.support.annotation.IntDef">
      <val name="value" val="{android.support.design.widget.IndicatorViewController.CAPTION_STATE_NONE, android.support.design.widget.IndicatorViewController.CAPTION_STATE_ERROR, android.support.design.widget.IndicatorViewController.CAPTION_STATE_HELPER_TEXT}" />
    </annotation>
  </item>
  <item name="android.support.design.widget.IndicatorViewController void setCaptionViewVisibilities(int, int) 1">
    <annotation name="android.support.annotation.IntDef">
      <val name="value" val="{android.support.design.widget.IndicatorViewController.CAPTION_STATE_NONE, android.support.design.widget.IndicatorViewController.CAPTION_STATE_ERROR, android.support.design.widget.IndicatorViewController.CAPTION_STATE_HELPER_TEXT}" />
    </annotation>
  </item>
  <item name="android.support.design.widget.IndicatorViewController void updateCaptionViewsVisibility(int, int, boolean) 0">
    <annotation name="android.support.annotation.IntDef">
      <val name="value" val="{android.support.design.widget.IndicatorViewController.CAPTION_STATE_NONE, android.support.design.widget.IndicatorViewController.CAPTION_STATE_ERROR, android.support.design.widget.IndicatorViewController.CAPTION_STATE_HELPER_TEXT}" />
    </annotation>
  </item>
  <item name="android.support.design.widget.IndicatorViewController void updateCaptionViewsVisibility(int, int, boolean) 1">
    <annotation name="android.support.annotation.IntDef">
      <val name="value" val="{android.support.design.widget.IndicatorViewController.CAPTION_STATE_NONE, android.support.design.widget.IndicatorViewController.CAPTION_STATE_ERROR, android.support.design.widget.IndicatorViewController.CAPTION_STATE_HELPER_TEXT}" />
    </annotation>
  </item>
  <item name="android.support.design.widget.SwipeDismissBehavior void setSwipeDirection(int) 0">
    <annotation name="android.support.annotation.IntDef">
      <val name="value" val="{android.support.design.widget.SwipeDismissBehavior.SWIPE_DIRECTION_START_TO_END, android.support.design.widget.SwipeDismissBehavior.SWIPE_DIRECTION_END_TO_START, android.support.design.widget.SwipeDismissBehavior.SWIPE_DIRECTION_ANY}" />
    </annotation>
  </item>
  <item name="android.support.design.widget.TabLayout int getTabGravity()">
    <annotation name="android.support.annotation.IntDef">
      <val name="flag" val="true" />
      <val name="value" val="{android.support.design.widget.TabLayout.GRAVITY_FILL, android.support.design.widget.TabLayout.GRAVITY_CENTER}" />
    </annotation>
  </item>
  <item name="android.support.design.widget.TabLayout int getTabIndicatorGravity()">
    <annotation name="android.support.annotation.IntDef">
      <val name="value" val="{android.support.design.widget.TabLayout.INDICATOR_GRAVITY_BOTTOM, android.support.design.widget.TabLayout.INDICATOR_GRAVITY_CENTER, android.support.design.widget.TabLayout.INDICATOR_GRAVITY_TOP, android.support.design.widget.TabLayout.INDICATOR_GRAVITY_STRETCH}" />
    </annotation>
  </item>
  <item name="android.support.design.widget.TabLayout int getTabMode()">
    <annotation name="android.support.annotation.IntDef">
      <val name="value" val="{android.support.design.widget.TabLayout.MODE_SCROLLABLE, android.support.design.widget.TabLayout.MODE_FIXED}" />
    </annotation>
  </item>
  <item name="android.support.design.widget.TabLayout mode">
    <annotation name="android.support.annotation.IntDef">
      <val name="value" val="{android.support.design.widget.TabLayout.MODE_SCROLLABLE, android.support.design.widget.TabLayout.MODE_FIXED}" />
    </annotation>
  </item>
  <item name="android.support.design.widget.TabLayout tabIndicatorGravity">
    <annotation name="android.support.annotation.IntDef">
      <val name="value" val="{android.support.design.widget.TabLayout.INDICATOR_GRAVITY_BOTTOM, android.support.design.widget.TabLayout.INDICATOR_GRAVITY_CENTER, android.support.design.widget.TabLayout.INDICATOR_GRAVITY_TOP, android.support.design.widget.TabLayout.INDICATOR_GRAVITY_STRETCH}" />
    </annotation>
  </item>
  <item name="android.support.design.widget.TabLayout void setSelectedTabIndicatorGravity(int) 0">
    <annotation name="android.support.annotation.IntDef">
      <val name="value" val="{android.support.design.widget.TabLayout.INDICATOR_GRAVITY_BOTTOM, android.support.design.widget.TabLayout.INDICATOR_GRAVITY_CENTER, android.support.design.widget.TabLayout.INDICATOR_GRAVITY_TOP, android.support.design.widget.TabLayout.INDICATOR_GRAVITY_STRETCH}" />
    </annotation>
  </item>
  <item name="android.support.design.widget.TabLayout void setTabGravity(int) 0">
    <annotation name="android.support.annotation.IntDef">
      <val name="flag" val="true" />
      <val name="value" val="{android.support.design.widget.TabLayout.GRAVITY_FILL, android.support.design.widget.TabLayout.GRAVITY_CENTER}" />
    </annotation>
  </item>
  <item name="android.support.design.widget.TabLayout void setTabMode(int) 0">
    <annotation name="android.support.annotation.IntDef">
      <val name="value" val="{android.support.design.widget.TabLayout.MODE_SCROLLABLE, android.support.design.widget.TabLayout.MODE_FIXED}" />
    </annotation>
  </item>
  <item name="android.support.design.widget.TabLayout.Mode">
    <annotation name="android.support.annotation.IntDef">
      <val name="value" val="{android.support.design.widget.TabLayout.MODE_SCROLLABLE, android.support.design.widget.TabLayout.MODE_FIXED}" />
    </annotation>
  </item>
  <item name="android.support.design.widget.TabLayout.TabGravity">
    <annotation name="android.support.annotation.IntDef">
      <val name="flag" val="true" />
      <val name="value" val="{android.support.design.widget.TabLayout.GRAVITY_FILL, android.support.design.widget.TabLayout.GRAVITY_CENTER}" />
    </annotation>
  </item>
  <item name="android.support.design.widget.TabLayout.TabIndicatorGravity">
    <annotation name="android.support.annotation.IntDef">
      <val name="value" val="{android.support.design.widget.TabLayout.INDICATOR_GRAVITY_BOTTOM, android.support.design.widget.TabLayout.INDICATOR_GRAVITY_CENTER, android.support.design.widget.TabLayout.INDICATOR_GRAVITY_TOP, android.support.design.widget.TabLayout.INDICATOR_GRAVITY_STRETCH}" />
    </annotation>
  </item>
  <item name="android.support.design.widget.TextInputLayout boxBackgroundMode">
    <annotation name="android.support.annotation.IntDef">
      <val name="value" val="{android.support.design.widget.TextInputLayout.BOX_BACKGROUND_NONE, android.support.design.widget.TextInputLayout.BOX_BACKGROUND_FILLED, android.support.design.widget.TextInputLayout.BOX_BACKGROUND_OUTLINE}" />
    </annotation>
  </item>
  <item name="android.support.design.widget.TextInputLayout void setBoxBackgroundMode(int) 0">
    <annotation name="android.support.annotation.IntDef">
      <val name="value" val="{android.support.design.widget.TextInputLayout.BOX_BACKGROUND_NONE, android.support.design.widget.TextInputLayout.BOX_BACKGROUND_FILLED, android.support.design.widget.TextInputLayout.BOX_BACKGROUND_OUTLINE}" />
    </annotation>
  </item>
  <item name="android.support.design.widget.TextInputLayout.BoxBackgroundMode">
    <annotation name="android.support.annotation.IntDef">
      <val name="value" val="{android.support.design.widget.TextInputLayout.BOX_BACKGROUND_NONE, android.support.design.widget.TextInputLayout.BOX_BACKGROUND_FILLED, android.support.design.widget.TextInputLayout.BOX_BACKGROUND_OUTLINE}" />
    </annotation>
  </item>
</root>

