<?xml version="1.0" encoding="UTF-8"?>
<root>
  <item name="android.support.design.internal.FlexWrap">
    <annotation name="android.support.annotation.IntDef">
      <val name="value" val="{android.support.design.internal.FlexWrap.NOWRAP, android.support.design.internal.FlexWrap.WRAP}" />
    </annotation>
  </item>
  <item name="android.support.design.internal.FlexboxLayout void setShowDivider(int) 0">
    <annotation name="android.support.annotation.IntDef">
      <val name="flag" val="true" />
      <val name="value" val="{android.support.design.internal.FlexboxLayout.SHOW_DIVIDER_NONE, android.support.design.internal.FlexboxLayout.SHOW_DIVIDER_BEGINNING, android.support.design.internal.FlexboxLayout.SHOW_DIVIDER_MIDDLE, android.support.design.internal.FlexboxLayout.SHOW_DIVIDER_END}" />
    </annotation>
  </item>
  <item name="android.support.design.internal.FlexboxLayout void setShowDividerHorizontal(int) 0">
    <annotation name="android.support.annotation.IntDef">
      <val name="flag" val="true" />
      <val name="value" val="{android.support.design.internal.FlexboxLayout.SHOW_DIVIDER_NONE, android.support.design.internal.FlexboxLayout.SHOW_DIVIDER_BEGINNING, android.support.design.internal.FlexboxLayout.SHOW_DIVIDER_MIDDLE, android.support.design.internal.FlexboxLayout.SHOW_DIVIDER_END}" />
    </annotation>
  </item>
  <item name="android.support.design.internal.FlexboxLayout void setShowDividerVertical(int) 0">
    <annotation name="android.support.annotation.IntDef">
      <val name="flag" val="true" />
      <val name="value" val="{android.support.design.internal.FlexboxLayout.SHOW_DIVIDER_NONE, android.support.design.internal.FlexboxLayout.SHOW_DIVIDER_BEGINNING, android.support.design.internal.FlexboxLayout.SHOW_DIVIDER_MIDDLE, android.support.design.internal.FlexboxLayout.SHOW_DIVIDER_END}" />
    </annotation>
  </item>
  <item name="android.support.design.internal.FlexboxLayout.DividerMode">
    <annotation name="android.support.annotation.IntDef">
      <val name="flag" val="true" />
      <val name="value" val="{android.support.design.internal.FlexboxLayout.SHOW_DIVIDER_NONE, android.support.design.internal.FlexboxLayout.SHOW_DIVIDER_BEGINNING, android.support.design.internal.FlexboxLayout.SHOW_DIVIDER_MIDDLE, android.support.design.internal.FlexboxLayout.SHOW_DIVIDER_END}" />
    </annotation>
  </item>
</root>

