<?xml version="1.0" encoding="UTF-8"?>
<root>
  <item name="android.support.design.bottomappbar.BottomAppBar fabAlignmentMode">
    <annotation name="android.support.annotation.IntDef">
      <val name="value" val="{android.support.design.bottomappbar.BottomAppBar.FAB_ALIGNMENT_MODE_CENTER, android.support.design.bottomappbar.BottomAppBar.FAB_ALIGNMENT_MODE_END}" />
    </annotation>
  </item>
  <item name="android.support.design.bottomappbar.BottomAppBar int getFabAlignmentMode()">
    <annotation name="android.support.annotation.IntDef">
      <val name="value" val="{android.support.design.bottomappbar.BottomAppBar.FAB_ALIGNMENT_MODE_CENTER, android.support.design.bottomappbar.BottomAppBar.FAB_ALIGNMENT_MODE_END}" />
    </annotation>
  </item>
  <item name="android.support.design.bottomappbar.BottomAppBar int getFabTranslationX(int) 0">
    <annotation name="android.support.annotation.IntDef">
      <val name="value" val="{android.support.design.bottomappbar.BottomAppBar.FAB_ALIGNMENT_MODE_CENTER, android.support.design.bottomappbar.BottomAppBar.FAB_ALIGNMENT_MODE_END}" />
    </annotation>
  </item>
  <item name="android.support.design.bottomappbar.BottomAppBar void createCradleTranslationAnimation(int, java.util.List&lt;android.animation.Animator&gt;) 0">
    <annotation name="android.support.annotation.IntDef">
      <val name="value" val="{android.support.design.bottomappbar.BottomAppBar.FAB_ALIGNMENT_MODE_CENTER, android.support.design.bottomappbar.BottomAppBar.FAB_ALIGNMENT_MODE_END}" />
    </annotation>
  </item>
  <item name="android.support.design.bottomappbar.BottomAppBar void createFabTranslationXAnimation(int, java.util.List&lt;android.animation.Animator&gt;) 0">
    <annotation name="android.support.annotation.IntDef">
      <val name="value" val="{android.support.design.bottomappbar.BottomAppBar.FAB_ALIGNMENT_MODE_CENTER, android.support.design.bottomappbar.BottomAppBar.FAB_ALIGNMENT_MODE_END}" />
    </annotation>
  </item>
  <item name="android.support.design.bottomappbar.BottomAppBar void createMenuViewTranslationAnimation(int, boolean, java.util.List&lt;android.animation.Animator&gt;) 0">
    <annotation name="android.support.annotation.IntDef">
      <val name="value" val="{android.support.design.bottomappbar.BottomAppBar.FAB_ALIGNMENT_MODE_CENTER, android.support.design.bottomappbar.BottomAppBar.FAB_ALIGNMENT_MODE_END}" />
    </annotation>
  </item>
  <item name="android.support.design.bottomappbar.BottomAppBar void maybeAnimateMenuView(int, boolean) 0">
    <annotation name="android.support.annotation.IntDef">
      <val name="value" val="{android.support.design.bottomappbar.BottomAppBar.FAB_ALIGNMENT_MODE_CENTER, android.support.design.bottomappbar.BottomAppBar.FAB_ALIGNMENT_MODE_END}" />
    </annotation>
  </item>
  <item name="android.support.design.bottomappbar.BottomAppBar void maybeAnimateModeChange(int) 0">
    <annotation name="android.support.annotation.IntDef">
      <val name="value" val="{android.support.design.bottomappbar.BottomAppBar.FAB_ALIGNMENT_MODE_CENTER, android.support.design.bottomappbar.BottomAppBar.FAB_ALIGNMENT_MODE_END}" />
    </annotation>
  </item>
  <item name="android.support.design.bottomappbar.BottomAppBar void setFabAlignmentMode(int) 0">
    <annotation name="android.support.annotation.IntDef">
      <val name="value" val="{android.support.design.bottomappbar.BottomAppBar.FAB_ALIGNMENT_MODE_CENTER, android.support.design.bottomappbar.BottomAppBar.FAB_ALIGNMENT_MODE_END}" />
    </annotation>
  </item>
  <item name="android.support.design.bottomappbar.BottomAppBar void translateActionMenuView(android.support.v7.widget.ActionMenuView, int, boolean) 1">
    <annotation name="android.support.annotation.IntDef">
      <val name="value" val="{android.support.design.bottomappbar.BottomAppBar.FAB_ALIGNMENT_MODE_CENTER, android.support.design.bottomappbar.BottomAppBar.FAB_ALIGNMENT_MODE_END}" />
    </annotation>
  </item>
  <item name="android.support.design.bottomappbar.BottomAppBar.FabAlignmentMode">
    <annotation name="android.support.annotation.IntDef">
      <val name="value" val="{android.support.design.bottomappbar.BottomAppBar.FAB_ALIGNMENT_MODE_CENTER, android.support.design.bottomappbar.BottomAppBar.FAB_ALIGNMENT_MODE_END}" />
    </annotation>
  </item>
  <item name="android.support.design.bottomappbar.BottomAppBar.SavedState fabAlignmentMode">
    <annotation name="android.support.annotation.IntDef">
      <val name="value" val="{android.support.design.bottomappbar.BottomAppBar.FAB_ALIGNMENT_MODE_CENTER, android.support.design.bottomappbar.BottomAppBar.FAB_ALIGNMENT_MODE_END}" />
    </annotation>
  </item>
</root>

