<?xml version="1.0" encoding="UTF-8"?>
<root>
  <item name="android.support.design.chip.Chip focusedVirtualView">
    <annotation name="android.support.annotation.IntDef">
      <val name="value" val="{android.support.v4.widget.ExploreByTouchHelper.INVALID_ID, android.support.v4.widget.ExploreByTouchHelper.HOST_ID, android.support.design.chip.Chip.CLOSE_ICON_VIRTUAL_ID}" />
    </annotation>
  </item>
  <item name="android.support.design.chip.Chip void setFocusedVirtualView(int) 0">
    <annotation name="android.support.annotation.IntDef">
      <val name="value" val="{android.support.v4.widget.ExploreByTouchHelper.INVALID_ID, android.support.v4.widget.ExploreByTouchHelper.HOST_ID, android.support.design.chip.Chip.CLOSE_ICON_VIRTUAL_ID}" />
    </annotation>
  </item>
</root>

